{
  "dataset_format": "msd_task01",
  "label_mode": "binary",
  "val": {
    "dice_per_class": {
      "background": 0.9940678477287292,
      "tumor": 0.0030312025919556618
    },
    "mean_dice": 0.49854952516034245,
    "number_of_volumes": 97
  },
  "test": {
    "dice_per_class": {
      "background": 0.9943698048591614,
      "tumor": 0.001986186718568206
    },
    "mean_dice": 0.4981779957888648,
    "number_of_volumes": 49
  },
  "inference": {
    "roi_size": [
      96,
      96,
      96
    ],
    "overlap": 0.5,
    "sw_batch_size": 2
  },
  "git_commit": "b0ac980"
}