{
  "dataset_format": "msd_task01",
  "label_mode": "binary",
  "roi_size": [
    96,
    96,
    96
  ],
  "epochs": 20,
  "best_epoch": 19,
  "dice_per_class": [
    0.944538414478302,
    0.2815742690649391
  ],
  "dice_background": 0.944538414478302,
  "dice_tumor": 0.2815742690649391,
  "foreground_dice": 0.2815742690649391,
  "ignore_empty_foreground": true,
  "prediction_threshold": 0.5,
  "sanity_tp_fp_fn": {
    "tp": 64886,
    "fp": 71118,
    "fn": 5895
  }
}